{
  "model_type": "XGBRegressor",
  "model_version": "20260604_024305",
  "hyperparameters": {
    "n_estimators": 1000,
    "learning_rate": 0.05,
    "max_depth": 6,
    "subsample": 0.8,
    "colsample_bytree": 0.8,
    "min_child_weight": 3,
    "gamma": 0.1,
    "random_state": 42
  },
  "cv_scores": {
    "mae_mean": 1.8216939485957604,
    "rmse_mean": 3.253802586843532,
    "r2_mean": 0.9487231624491563
  },
  "final_metrics": {
    "train": {
      "mae": 0.11392971262609655,
      "rmse": 0.14850189782863202,
      "r2": 0.9999811174453431,
      "mape": 0.5972398420474486,
      "max_error": 1.2163281440734863,
      "median_ae": 0.09368013739585912
    },
    "test": {
      "mae": 0.27911471436650576,
      "rmse": 0.6594217022540306,
      "r2": 0.9943343238525125,
      "mape": 4.517147247281996,
      "max_error": 11.524177551269531,
      "median_ae": 0.16368737220764196
    }
  },
  "top_10_features": [
    "pm25_lag_1h",
    "pm1",
    "um003",
    "pm25_lag_24h",
    "dow_sin",
    "pm1_lag_1h",
    "pm25_rolling_std_6h",
    "relativehumidity",
    "pm25_diff_3h",
    "is_weekend"
  ],
  "n_features": 40,
  "n_train": 2424,
  "n_test": 606,
  "training_duration_seconds": 2.89,
  "trained_at": "2026-06-04T02:43:05.764556+07:00"
}