{
  "train_metrics": {
    "mae": 0.11392264261296761,
    "rmse": 0.14566053973575677,
    "r2": 0.9999852687098957,
    "mape": 0.5013479028173924,
    "max_error": 0.7271313667297363,
    "median_ae": 0.09409239632742761
  },
  "test_metrics": {
    "mae": 0.35054760768713533,
    "rmse": 0.6304512520150273,
    "r2": 0.9972862810237011,
    "mape": 3.1298955429867146,
    "max_error": 5.323768615722656,
    "median_ae": 0.2102636337280277
  }
}